
"'g.russo@hackingteam.it'"
"'m.luppi@hackingteam.it'"
"'vince@hackingteam.it'"
"00:26:04"@hackingteam.it
"14:08:33"@hackingteam.it
"17:38:50"@hackingteam.it
"20:34:27"@hackingteam.it
"22:04:46"@hackingteam.it
"22:18:33"@hackingteam.it
"22:30:28"@hackingteam.it
"?info cartasi s.p a"
"?info cartasi s.p.a"
"a.capaldo@hackingteam.it"
"acquisti"
"bedeschi, valeriano  "
"chi >> b.muschitiello"@hackingteam.com
"d.giubertoni"@hackingteam.it
"e.marcon"@hackingteam.com
"m..bettini"@hackingteam.it
"sergio r.-sol¨ªs"
"simonetta gallucci"
*|fname|*
+0000@hackingteam.it
+0200@hackingteam.it
+0600@hackingteam.it
+0700@hackingteam.it
+1000@hackingteam.it
-0500@hackingteam.it
10@hackingteam.it
17@hackingteam.it
18@hackingteam.it
19@hackingteam.it
2011@hackingteam.it
28@hackingteam.it
358 hacking team
4725e6d6.7020603@hackingteam.it
4@hackingteam.it
7s39831
<a.capaldo@hackingteam.it>
<a.dipasquale@hackingteam.it>
<a.pelliccione@hackingteam.it>
<a.velasco@hackingteam.it>
<amministrazione@hackingteam.it>
<amministrazione@hackingteam.it> rana
<andrea.dipasquale@hackingteam.it> di pasquale
<antonella@hackingteam.it>
<bd@hackingteam.it>
<bruno@hackingteam.it> muschitiello
<catino@hackingteam.it>
<chiodo@hackingteam.it>
<d.maglietta@hackingteam.it>
<d.vincenzetti@hackingteam.it>
<daniel@hackingteam.it>
<daniele@hackingteam.it>
<delivery@hackingteam.it>
<e.ciceri@hackingteam.it>
<e.marcon@hackingteam.it>
<e.shehata@hackingteam.it>
<f.busatto@hackingteam.it>
<f.cornelli@hackingteam.it> cornelli
<fae@hackingteam.it>
<foobar@hackingteam.it>
<fred@hackingteam.it>
<fulvio@hackingteam.it> de giovanni
<g.russo@hackingteam.it>
<giancarlo.russo@hackingteam.it>
<giancarlo@hackingteam.it>
<giancarlo@hackingteam.it> russo
<giancarlo@hackingteam.it> russo (giancarlo@hackingteam.it)
<giancarlo@hackingteam.it> russo (giancarlo@hackingteam.it) (giancarlo@hackingteam.it)
<hiring@hackingteam.it>
<info@hackingteam.it>
<l.rana@hackingteam.it>
<m.bettini@hackingteam.it>
<m.bettino@hackingteam.com>
<m.catino@hackingteam.it>
<m.catino@hackingteam.it> catino
<m.luppi@hackingteam.it>
<m.valleri@hackingteam.it>
<marco.bettini@hackingteam.it>
<marco.bettini@hackingteam.it> bettini
<marketing@hackingteam.it>
<ornella-dev@hackingteam.it>
<rcs-support@hackingteam.it>
<roby@hackingteam.it>
<rsales@hackingteam.it>
<rsales@hackingteam.it> (rsales@hackingteam.it)
<russo@hackingteam.it>
<s.gallucci@hackingteam.it>
<s.solis@hackingteam.it>
<s.woon@hackingteam.it>
<simonetta@hackingteam.it>
<staff@hackingteam.it>
<staff@hackingteam.it> staff@hackingteam.it
<staff@hackingteam.it> team
<travel@hackingteam.it>
<vince@hackingteam.it>
<wteam@hackingteam.it>
a b
a capaldo
a. capaldo
a.bassi
a.bassi@hackingteam.it
a.capa >> antonella capaldo
a.capadlo@hackingteam.it
a.capalbo@hackingteam.it
a.capaldo
a.capaldo >> antonella capaldo
a.capaldo capaldo
a.capaldo@hackingteam.com
a.capaldo@hackingteam.it
a.cariola@hackingteam.it
a.casamssima@
a.citino@hackingteam.it
a.dipasquale@hackingteam.com
a.dipasquale@hackingteam.it
a.farissi@hackingteam.com
a.lomonaco
a.lomonaco@hackingteam.com
a.lomonaco@hackingteam.it
a.mangiacavalli@hackingteam.it
a.mazzeo
a.mazzeo mazzeo
a.mazzeo@hackingteam.com
a.mazzeo@hackingteam.it
a.mino@hackingteam.com
a.mino@hackingteam.it
a.orna >> alberto ornaghi
a.ornaghi
a.ornaghi ornaghi
a.ornaghi@hackingteam.com
a.ornaghi@hackingteam.it
a.pelli >> alberto pelliccione
a.pelliccione
a.pelliccione pelliccione
a.pelliccione@hackingteam.it
a.pelliccione@hackingteam.it pelliccione
a.pesoli@hackingteam.it
a.scaccabarozzi@hackingteam.it
a.scarafile
a.scarafile scarafile
a.scarafile@hackingteam.com
a.scarafile@hackingteam.it
a.velasco
a.velasco velasco
a.velasco@hackingteam.it
a.velasco@hackingteam.it velasco
abctest@hackingteam.it
acapaldo@hackingteam.it
acqisti@hackingteam.com
acquisti
acquisti@hackingteam.it
acquisti@hackingteam.it >> 'acquisti
active active
ad@hackingteam.com
adlist@hackingteam.com
admin@hackingteam.com
administrator (confluence)
administrazione@hackingteam.com
ahmed al masoud
ahsheep@hackingteam.it
ailaestabillo
akhtar saeed hashmi
alan
alan salomon
alberto
alberto  pelliccione (a.pelliccione@hackingteam.com)
alberto hackingteam.it
alberto ornaghi
alberto ornaghi (a.ornaghi@hackingteam.it)
alberto ornagni
alberto pelliccione
alberto pelliccione (a.pelliccione@hackingteam.com)
alberto pelliccione 2
alberto pellicione
alberto q pelliccione
alberto.ornaghi@hackingteam.it
alberto.pelliccione
alberto.pelliccione@hackingteam.it
alberto@hackingteam.it
albertopelliccione
aldo scaccabarozzi
aldo.scaccabarozzi@hackingteam.it
aldo@hackingteam.it
ale lomonaco
alessandra mino
alessandro  lomonaco
alessandro  scarafile
alessandro bassi
alessandro cenci
alessandro fontana
alessandro lo monaco
alessandro lomonaco
alessandro scafafile
alessandro scarafile
alessandro scarafile (confluence)
alessandro scarafile hacking team
alessandro.lomonaco
alessandro.lomonaco@hackingteam.it
alessandro.scarafile@hackingteam.it
alessio scarafile
alessio scarafile +
alex
alex velasco
alex velasco (a.velasco@hackingteam.it)
alex velasco (confluence)
alex velasco ht
alex@hackingteam.com
alfredo
alfredo pesoli
alfredo reyes
alfredo@hackingteam.it
ali hussein
ali hussein 2
alor
alor >> alberto ornaghi
alor alberto ornaghi
alor hackingteam.it
alor ornaghi
alor@hackingteam.it
amazzeo@hackingteam.it
amminisrazione@hackingteam.com
amministrazioen@hackingteam.com
amministrazione
amministrazione - ht s.r.l
amministrazione amministrazione@hackingteam.it
amministrazione ht s. r. l. (amministrazione@hackingteam.it)
amministrazione rana
amministrazione' (amministrazione@hackingteam.it)
amministrazione@
amministrazione@hackingteam.it
amministrazione@hackingteam.it rana
amministrazione@hackingteam.it' (amministrazione@hackingteam.it)
amministrazione_group
ammnistrazione@hackingteam.com
andrea cariola
andrea default
andrea di pasquale
andrea raffaelli
andrea.cariola@hackingteam.it
andrea.dipasquale
andrea.dipasquale@hackingteam.it
andrea@hackingteam.it
ang seow keong
angelo colombo
angsk
anil
anil ajmani
annalisa mangiacavalli
annalisa.mangiacavalli@hackingteam.it
annalisa@hackingteam.it
anonymous (confluence)
antonella
antonella  capaldo
antonella capaldo
antonella capaldo (a.capaldo@hackingteam.it)
antonella citino
antonella.capaldo
antonella.capaldo@hackingteam.it
antonella.caparldo@hackingteam.it
antonella@hackingteam.it
antonino bonanno
antonio mazzeo
antonio.mazzeo
antonio.mazzeo@hackingteam.it
antoniomazzeo
aornaghi@hackingteam.it
aquila displays
areyes@entermas.net
ariel
ariola@hackingteam.it
arraygroup01
arraymember01
ask
ask@hackingteam.it
askar nurgazinov
astana team
avelasco@hackingteam.com
avelasco@hackingteam.it
avmonitor@hackingteam.com
avtest@hackingteam.com
axsca@hackingteam.it
b.muschiatello@hackingteam.com
b.muschitello@hackingteam.com
b.muschitiello
b.muschitiello muschitiello
b.muschitiello@hackingteam.it
banfi
banfi banfi
banfi, roberto
banfi@hackingteam.it
barozzi@hackingteam.it
batujem balapatik
bd
bd@hackingteam.it
bedeschi
bedeschi ht
bedeschi valeriano
bedeschi, valeriano
bedeschi@hackingteam.it
bes12
besadmin
besadmin@hackingteam.com
besadmin@hackingteam.it
bettini
bettini marco
bettini, marco
bettini@hackingteam.it
broadcast
bruno
bruno hackingteam.it
bruno muschitiello
bruno muschitiello (b.muschitiello@hackingteam.it)
bruno.muschitiello
bruno.muschitiello muschitiello
bruno@hackingteam.it
bruno@hackingteam.it muschitiello
btopchik moorelandpartners.com
btv1==001ca311d3b==mostapha@hackingteam.it
btv1==002cabb02c3==mostapha@hackingteam.it
btv1==0079df41ac2==mostapha@hackingteam.it
btv1==0431be460a0==mostapha@hackingteam.it
btv1==0438c5b1132==m.maanna@hackingteam.it
btv1==048f9cbe78b==mostapha@hackingteam.it
btv1==0499e1c5c38==m.maanna@hackingteam.it
btv1==0545db04fc8==m.maanna@hackingteam.it
btv1==0548c694a61==mostapha@hackingteam.it
btv1==061b2d98167==mostapha@hackingteam.it
btv1==069211653f3==m.maanna@hackingteam.it
btv1==069b1db3f96==mostapha@hackingteam.it
btv1==08555168e1f==mostapha@hackingteam.it
btv1==08645448e5b==m.maanna@hackingteam.it
btv1==0871b040ac9==mostapha@hackingteam.it
btv1==087e27ebfb5==m.maanna@hackingteam.it
btv1==0896976c441==mostapha@hackingteam.it
btv1==09182a00bf2==m.maanna@hackingteam.it
btv1==10314ebf69b==mostapha@hackingteam.it
btv1==10939ae1945==m.maanna@hackingteam.it
btv1==1107760aef1==mostapha@hackingteam.it
btv1==11249f0586c==m.maanna@hackingteam.it
btv1==112d55fe441==mostapha@hackingteam.it
btv1==119ae78f7e4==mostapha@hackingteam.it
btv1==1206f794e70==m.maanna@hackingteam.it
btv1==120a921d613==mostapha@hackingteam.it
btv1==1253dde7e06==mostapha@hackingteam.it
btv1==1276ed3ee89==mostapha@hackingteam.it
btv1==1338d67c915==mostapha@hackingteam.it
btv1==138c0c5426b==m.maanna@hackingteam.it
btv1==1658df350f8==mostapha@hackingteam.it
btv1==1662b54d065==mostapha@hackingteam.it
btv1==171df47849a==mostapha@hackingteam.it
btv1==172e69275fb==mostapha@hackingteam.it
btv1==195350c2203==mostapha@hackingteam.it
btv1==216b7a5a395==mostapha@hackingteam.it
btv1==222b1cda32d==mostapha@hackingteam.it
btv1==225fa2f0458==m.maanna@hackingteam.it
btv1==2790ed6f81c==m.luppi@hackingteam.it
btv1==2812fb1d250==mostapha@hackingteam.it
btv1==282ab3d9d8e==m.maanna@hackingteam.it
btv1==2865e1884d5==mostapha@hackingteam.it
btv1==301c1fbc185==mostapha@hackingteam.it
btv1==343a1642ff6==mostapha@hackingteam.it
btv1==607105b5b57==mostapha@hackingteam.it
btv1==60979bd58b5==mostapha@hackingteam.it
btv1==7008d68836b==m.luppi@hackingteam.it
btv1==772e2d6486b==mostapha@hackingteam.it
btv1==8328ff17986==mostapha@hackingteam.it
btv1==9988b4bbed0==mostapha@hackingteam.it
bug
bug@hackingteam.it
bugs@hackingteam.com
busatto fabio
busatto fabio/m
busatto, fabio
busatto@hackingteam.it
c.agosti@hackingteam.it
c.alesso@hackingteam.it
c.imbrauglio
c.imbrauglio@hackingteam.it
c.pozzi@hackingteam.it
c.vardaro@hackingteam.com
c.vardaro@hackingteam.it
c590471 ht srl
caleb
canvas-ml@hackingteam.it
capa >> antonella capaldo
capaldo
capaldo >> antonella capaldo
capaldo antonella
capaldo@hackingteam.it
cariola@hackingteam.it
carlo 3
casey michael p
cateringllc
cateringlllc
catino
catino marco
catino@hackingteam.it
cc
cccclist@hackingteam.com
cdcpoint@hackingteam.it
charles devon
chiodini, massimo
chiodini@hackingteam.it
chiodo
chiodo@hackingteam.it
christian pozzi
christopher
ciceri@hackingteam.com
ciceri@hackingteam.it
claudio agosti
claudio.agosti@hackingteam.it
claudio@hackingteam.it
client
cliente
co >> fabrizio cornelli
cod
cod hackingteam.it
cod mazzeo
cod2@hackingteam.it
cod@hackingteam.it
comunicaciones mexico
confluence
confluence@hackingteam.com
contacts@hackingteam.it
contactx@hackingteam.it
contacty@hackingteam.it
cor >> fabrizio cornelli
cordoni, danilo
core
core@hackingteam.com
core@hackingteam.it
coreimpact@hackingteam.it
cornelli fabrizio
corrado
corrado alesso
costa
costa@hackingteam.it
costantino imbrauglio
costantino imbrauglio partner vmware
cristian vardaro
crm
cron daemon
css
customer
cv.bedeschi@hackingteam.com
d maglietta
d vincenzetti
d. giubertoni
d.cordoni
d.cordoni cordoni
d.cordoni@hackingteam.it
d.giubertoni
d.giubertoni@hackingteam.it
d.leanza@hackingteam.it
d.magliatta@hackingteam.it
d.magliatte@hackingteam.it
d.maglietta
d.maglietta@hackingteam.com
d.maglietta@hackingteam.it
d.martinez
d.milan
d.milan milan
d.milan@hackingteam.com
d.milan@hackingteam.it
d.milan@hackingteam.it (d.milan@hackingteam.it)
d.milan@hackingteam.it milan
d.milan@hackingteam.it milan (d.milan@hackingteam.it)
d.milan@mx.hackingteam.com
d.milani@hackingteam.com
d.milani@hackingteam.it
d.molteni
d.molteni@hackingteam.it
d.romualdi@hackingteam.it
d.vincenzetti
d.vincenzetti@hackingteam.com
d.vincenzetti@hackingteam.it
d.vincenzetti@hackingteam.it vincenzetti
dan
dan. moreno
daniale ht
daniel
daniel hackingteam.it
daniel julian giovanni maglietta
daniel mag
daniel maglietta
daniel maglietta  (d.maglietta@hackingteam.com)
daniel martinez
daniel martinez moreno
daniel martinez moreno (confluence)
daniel(ht)
daniel.maglietta
daniel.maglietta@hackingteam.com
daniel.maglietta@hackingteam.it
daniel@hackingteam.it
daniele
daniele (daniele@hackingteam.it)
daniele hackingteam.it
daniele milan
daniele milan (confluence)
daniele milan (d.milan@hackingteam.it)
daniele molteni
daniele.milan@hackingteam.it
daniele@hackingteam.com
daniele@hackingteam.it
daniele@hackingteam.it milan
danilo
danilo cordoni
danilo.cordoni
danilo.cordoni@hackingteam.it
danilo@hackingteam.it
davaadorj
david
david vincenzetti
david vincenzetti (d.vincenzetti@hackingteam.com)
david vincenzetti (d.vincenzetti@hackingteam.it)
david vincenzetti (vince@hackingteam.it)
david vincenzetti <d. vincenzetti@hackingteam. com>
david vincenzetti <vince@hackingteam.it> (vince@hackingteam.it)
david vincetti
david.vincenzetti
david.vincenzetti@hackingteam.it
david/m
david@hackingteam.it
davide romualdi
davide romualdi (confluence)
de giovanni fulvio
dear client
debora
debora leanza
debora@hackingteam.it
deerhunter@hackingteam.com
degiovanni
degiovanni fulvio
degiovanni@hackingteam.it
deliver@hackingteam.hackingteam.it
delivery
delivery >> ht delivery
delivery delivery
delivery hacking teaem
delivery hacking team
delivery team
delivery@hackingteam.hackingteam.it
delivery@hackingteam.it
delivery@hackingteam.it delivery
delivery@hackingteam.it team
delivery@hackingteam.it team (delivery@hackingteam.it)
delivey
deluvery
devilangel
di fulvio
diego
diego giubertoni
diego.giubertoni
diego.giubertoni@hackingteam.it
dion
dirk
dleanza@hackingteam.it
dmilan@hackingteam.it
dott
dott.  russo
dott. julian l. rrushi
dott. mauro romeo
dott. russo
dream team
dvincenzetti@hackingteam.it
e
e ciceri
e.ciceri@hackingteam.com
e.ciceri@hackingteam.com' (e.ciceri@hackingteam.it)
e.ciceri@hackingteam.it
e.ho@hackingteam.com
e.luzzani
e.luzzani luzzani
e.luzzani@hackingteam.it
e.marcon
e.marcon@hackingteam.it
e.marcon@hackingteam.it marcon
e.michalikova@hackingteam.it
e.pardocarvajal@hackingteam.com
e.placidi@hackingteam.it
e.placidi@mx.hackingteam.it
e.serge@hackingteam.com
e.sheatha@hackingteam.com
e.shehata@hackingteam.com
e.shehata@hackingteam.it
e.vince@hackingteam.it
ead
eduardo pardo
eduardo pardo carvajal
eduardo pardo carvajal (confluence)
eduvagpo74
elisabetta ciceri
elisabetta hackingteam.it
emad
emad hackingteam.it
emad shehata
emad shehata (confluence)
emad shehata (e.shehata@hackingteam.it)
emad shehata hacking team
emad@hackingteam.com
emad@hackingteam.it
emanuele
emanuele placidi
emanuele.levi
emanuele@hackingteam.it
enrico
enrico luzzani
enrico parentini
enrico.luzzani
enrico.luzzani@hackingteam.it
enrico@hackingteam.it
eql4k
eql4k@hackingteam.com
eql4kgroup
equallogic@hackingteam.com
erabe@hackingteam.com
eric
eric rabe
eric@hackingteam.it
ericrabe
erkhembayar
eros marcon
eros.marcon@hackingteam.it
eros@hackingteam.it
error 007
eserge@hackingteam.com
etnok
etnok hackingteam.it
etnok@hackingteam.it
eugene ho
eugene ilyasov
eugene@hackingteam.com
eva michalikova
events
events@hackingteam.it
f.bu >> fabio busatto
f.busatto
f.busatto busatto
f.busatto@ >> fabio busatto
f.busatto@hackingteam.com
f.busatto@hackingteam.it
f.busatto@hackingteam.it busatto
f.bussato@hackingteam.it
f.cornelli
f.cornelli cornelli
f.cornelli@hackingteam.com
f.cornelli@hackingteam.it
f.cornelli@hackingteam.it cornelli
f.dalessio@hackingteam.com
f.degiovanni
f.degiovanni@hackingteam.com
f.degiovanni@hackingteam.it
f.guerrini@hackingteam.it
fabio
fabio busatto
fabio busatto (f.busatto@hackingteam.it)
fabio.busatto
fabio.busatto@hackingteam.com
fabio.busatto@hackingteam.it
fabio@hackingteam.it
fabrizi0
fabrizio
fabrizio cornelli
fabrizio cornelli (confluence)
fabrizio cornelli (jira)
fabrizio santucci
fabrizio.cornelli
fabrizio.cornelli@hackingteam.it
fae
fae@hackingteam.it
fae_group
fahad
fax
fbusatto@hackingteam.it
fcornelli@hackingteam.it
fdalessio capitolmp.com
feb@hackingteam.it
fede@hackingteam.it
federico guerrini
federico.guerrini@hackingteam.it
felipe romero sanchez
felipe romero s¨¢nchez
fido system
filippi, luca
flist@hackingteam.it
flistx232x@hackingteam.com
foo bar (ht)
foobar
foobar@hackingteam.com
foobar@hackingteam.it
francesco giordano
francesco sperandeo
fred
fred d'alessio
fred@hackingteam.it
fredd0104
frederick daniel d'alessio
fri@hackingteam.it
fulvio
fulvio  degiovanni,
fulvio de  giovanni
fulvio de giovanni
fulvio de giovanni (confluence)
fulvio de giovanni (f.degiovanni@hackingteam.it)
fulvio de giovanni (fulvio@hackingteam.it)
fulvio de giovanni de giovanni
fulvio degiovanni
fulvio hackingteam.it
fulvio ht
fulvio@hackingteam.it
fulvio@hackingteam.it de giovanni
fvale@hackingteam.it
g russo
g. russo
g.cino
g.cino@hackingteam.it
g.fulvio@hackingteam.it
g.landi
g.landi landi
g.landi@hackingteam.com
g.landi@hackingteam.it
g.paravan
g.paravan@hackingteam.it
g.parravicini@hackingteam.it
g.pavarani@hackingteam.com
g.piani
g.piani@hackingteam.com
g.piani@hackingteam.it
g.russo
g.russo giancarlo
g.russo russo
g.russo@hackingteam.com
g.russo@hackingteam.it
g.russo@hackingteam.it russo
g.va >> gianluca vadruccio
g.vadrucci@hackingteam.it
g.vadruccio@hackingteam.it
g23
gabiele.parravicini@hackingteam.it
gabriele parravicini
gabriele.parravicini@hackingteam.it
gabry@hackingteam.it
gango
georg
gian@hackingteam.it
giancarlo
giancarlo (giancarlo@hackingteam.it)
giancarlo hackingteam.it
giancarlo russo
giancarlo russo  (g.russo@hackingteam.it)
giancarlo russo  (russo@hackingteam.it)
giancarlo russo (confluence)
giancarlo russo (g.russo@hackingteam.com)
giancarlo russo (g.russo@hackingteam.it)
giancarlo russo (giancarlo@hackingteam.it)
giancarlo russo (hackingteam)
giancarlo russo (russo@hackingteam.it)
giancarlo russo <g.russo@hackingteam.com> (g.russo@hackingteam.com)
giancarlo russo <g.russo@hackingteam.com> (g.russo@hackingteam.com)  (g.russo@hackingteam.com)
giancarlo russo [acquisti@
giancarlo russo- hacking team
giancarlo.russo
giancarlo.russo@hackingteam.it
giancarlo@hackingteam.it
giancarlo@hackingteam.it (giancarlo@hackingteam.it)
gianluca
gianluca piani
gianluca vadruccio
gianluca.piani@hackingteam.it
gianluca.vadruccio@hackingteam.it
gianluca@hackingteam.it
gilberto
giovanna pavarani_ext
giovanni
giovanni cino
giovanni@hackingteam.it
giuseppe della cioppa
globalsupport
globalsupport@hackingteam.it
gruppo sio x ht
grusso@hackingteam.it
guerrini@hackingteam.it
guest
guido
guido landi
guido.landi@hackingteam.it
guido@hackingteam.com
guido@hackingteam.it
guillermo
guvenliyasam.com,
g¨¢bor farkas
hacking
hacking team
hacking team - billing
hacking team - mostapha maanna
hacking team bettini
hacking team confluence changes in the last 24 hours (confluence)
hacking team m.luppi
hacking team s.r.l
hacking team sales
hacking team srl
hackingteam
hackingteam confluence recommended updates (confluence)
hackingteam srl
hanan dayan
helpteam66
hiring
hiring@hackingteam.it
hlavsa tomas
hqadmin@hackingteam.it
hqadmin@hyperic.hackingteam.it
hrabec josef
ht
ht (rsales@hackingteam.it)
ht - alessandro lomonaco
ht delivery
ht newsletter
ht s r l
ht s.r.l
ht s.r.l. [it] - _amministrazione
ht s.r.l. [it] - giancarlo russo
ht social activities management
ht srl
ht srl (valeriano bedeschi)
ht srl - giancarlo russo
ht support
ht support team
ht supporto
ht sviluppo
ht valeriano
ht-russo
ht-speaker@hackingteam.it
ht_vale
htus@hackingteam.it
hunter@hackingteam.com
i >> "i.speziale@hackingteam.it"
i rana-hacking team
i.eugene
i.roattino
i.roattino@hackingteam.it
i.spaziale@hackingteam.it
i.speziale@hackingteam.com
i.speziale@hackingteam.it
ianluca.vadruccio@hackingteam.it
ibm training
imbrauglio, costantino
imo.chiodini@hackingteam.it
incoming.fax4@hackingteam.it
info
info@
info@hackingteam.com
info@hackingteam.it
info@hotellanghe.it
ing. alberto pelliccione
ing. carlos rdz
iola@hackingteam.it
is
is@hackingteam.it
isimonetta gallucci
ivan roattino
ivan speziale
ivan speziale (hackingteam)
ivan.roattino
ivan.roattino@hackingteam.it
ivan.speziale@hackingteam.it
jacopo cialli
jadon
jaime calderon
james houck
jan@hackingteam.it
jasurbek khujaev
jaxson
jensen ronald l
jlejuez moorelandpartners.com
joetta gassman
john doe
john guevara
john solano
jordyn
josef hrabec
juan
julian.rrushi@hackingteam.it
julian@hackingteam.it
karson
kbmailer
kd
kernel
kernel@hackingteam.it
kevin white
kiodo
kiodo hackingteam.it
kiodo kiodo
kiodo@hackingteam.com
kiodo@hackingteam.it
krystian dobrzy¨½ski
l filippi
l.filippi
l.filippi filippi
l.filippi@hackingteam.com
l.filippi@hackingteam.it
l.guerra@hackingteam.com
l.guerra@hackingteam.it
l.invernizzi@hackingteam.com
l.invernizzi@hackingteam.it
l.rana
l.rana@hackingteam.com
l.rana@hackingteam.it
l.speziale@hackingteam.it
la@hackingteam.it
laura
lbmarco.valleri@hackingteam.it
leonhard jonathan g
licensing system
licensing@hackingteam.com
list
list@hackingteam.it
listx111x@hackingteam.com
listxxx@hackingteam.it
lo monaco, alessandro
lomonaco, alessandro
lorenzo invernizzi
lorenzo invernizzi (confluence)
lrana@hackingteam.com
ltravel@hackingteam.it
luca
luca filippi
luca guerra
luca.filippi@hackingteam.it
luca.vadruccio@hackingteam.it
luca@hackingteam.it
lucaf
lucaf@hackingteam.it
lucia
lucia hackingteam.it
lucia lucia
lucia rana
lucia rana (l.rana@hackingteam.it)
lucia.rana@hackingteam.it
lucia@hackingteam.it
lucia@hackingteam.it rana
luis d¨ªaz
luppi
luppi >> massimiliano luppi
luppi luppi
luppi massimiliano
luppi, massimiliano
luppi@hackingteam.it
luzzani enrico
luzzani, enrico
lynne flexer
m bettini
m chiodini
m valleri
m. valleri
m.bettini
m.bettini bettini
m.bettini@hackingteam.com
m.bettini@hackingteam.it
m.bettini@hackingteam.it bettini
m.bettino@hackingteam.com
m.bettni@hackingteam.com
m.bettni@hackingteam.it
m.catino
m.catino catino
m.catino@hackingteam.com
m.catino@hackingteam.it
m.chiodini
m.chiodini chiodini
m.chiodini@hackingteam.it
m.fontana@hackingteam.com
m.fontana@hackingteam.it
m.losito@hackingteam.it
m.luppi
m.luppi luppi
m.luppi@hackingteam.com
m.luppi@hackingteam.it
m.luppi@hackingteam.it luppi
m.luppi@hackingteam.it' (m.luppi@hackingteam.it)
m.maanna
m.maanna maanna
m.maanna manna
m.maanna@hackingteam.com
m.maanna@hackingteam.it
m.maanna@hackingteam.it maanna
m.mauro@hackingteam.it
m.oldani@hackingteam.it
m.oliva
m.oliva@hackingteam.it
m.rome@hackingteam.com
m.romeo
m.romeo@hackingteam.com
m.romeo@hackingteam.it
m.valeri@hackingteam.it
m.valleri
m.valleri valleri
m.valleri@hackingteam.com
m.valleri@hackingteam.it
m.vallery
m.vallery@hackingteam.com
ma
maanna mostapha
madonna
magbool
maglietta daniel julian giovanni
mail delivery system
mailer-daemon
mailer-daemon@hackingteam.it
mamat mat
managers
mar@hackingteam.it
marco
marco  bettini
marco antonio
marco betini
marco bettini
marco bettini (confluence)
marco bettini (m.bettini@hackingteam.com)
marco bettini (m.bettini@hackingteam.it)
marco bettini (m.luppi@hackingteam.it)
marco bettini (rsales@hackingteam.it)
marco bettini <m.bettini@hackingteam.it> (m.bettini@hackingteam.it)
marco bettini hacking team
marco bettini hackingteam
marco bettini ht
marco bettini' (m.bettini@hackingteam.it)
marco catino
marco catino (confluence)
marco catino (m.catino@hackingteam.it)
marco catino ?[m.catino@hackingteam.it]?
marco fontana
marco losito
marco naga naga valleri
marco valleri
marco valleri (m.valleri@hackingteam.com)
marco valleri (m.valleri@hackingteam.it)
marco.bettini
marco.bettini bettini
marco.bettini@hackingteam.it
marco.bettini@hackingteam.it bettini
marco.catino
marco.catino@hackingteam.it
marco.valleri@hackingteam.it
marco2@hackingteam.com
marco@hackingteam.it
mark_ramos@gbdist.com.ph
marketing
marketing@hackingteam.it
markoman
markoman hackingteam.it
markoman@hackingteam.it
massimilia
massimiliamo luppi
massimiliano
massimiliano  luppi,
massimiliano ht
massimiliano luppi
massimiliano luppi  (m.luppi@hackingteam.com)
massimiliano luppi (m.luppi@hackingteam.com)
massimiliano luppi (m.luppi@hackingteam.it)
massimiliano luppi <m.luppi@hackingteam.it> (m.luppi@hackingteam.it)
massimiliano luppi mo
massimiliano oldani
massimiliano.oldani@hackingteam.it
massimilianoluppi
massimo chiodini
massimo chiodinii
massimo.chiodini@hackingteam.it
massimp chiodini
matteo oliva
matteo.oliva
matteo.oliva@hackingteam.it
matteo@hackingteam.it
mauro
mauro hackingteam.it
mauro romeo
mauro romeo_old
mauro sorrento
mauro test
mauro.romeo
mauro.romeo hackingteam
mauro.romeo@hackingteam.it
mauro@hackingteam.it
mauro@hackingteam.it romeo
mauroromeo
max
max hackingteam.it
max luppi
max@hackingteam.com
max@hackingteam.hackingteam.it
max@hackingteam.it
maxbulk mailer
mazzeo, antonio
mazzeo.ant
mazzeo@hackingteam.it
mbettini@hackingteam.it
mcatino@hackingteam.it
media
media@hackingteam.it
megat
melvin maxon
michalikova@hackingteam.it
microsoft office outlook
microsoft outlook
miguel angel corral
milan daniele
milan, daniele
miloudi franck
mino@hackingteam.it
mio
misael
mluppi@hackingteam.it
mmelton@hackingteam.it
mohammed
mostafa maana
mostafa manaa
mostapha
mostapha hackingteam.it
mostapha maana
mostapha maanna
mostapha maanna (confluence)
mostapha maanna (mostapha@hackingteam.it)
mostapha maanna hacking team
mostapha maanna marco
mostapha manna
mostapha.maanna
mostapha.maanna@hackingteam.it
mostapha@hackingteam.it
mostapha@hackingteam.it maanna
mr.  costa
mr. antonio mazzeo
mr. weeshuo woon
msinfo@hackingteam.it
muschi >> bruno muschitiello
mustafa ht
mustafa maana
n.nikitovic
n/a@hackingteam.it
naga
naga >> marco valleri
naga hackingteam.it
naga valleri
naga/o
naga@hackingteam.it
naga@hackingteam.it valleri
nasser asiri
natalia herrera montero
natalia@hricikova.hackingteam.it
nebiolo fabio
nemanjanik@hackingteam.it
nemanjaniki@hackingteam.it
netsec
netsec@hackingteam.it
netwitness@hackingteam.it
new
nik@hackingteam.it
nikd@hackingteam.it
nikdd@hackingteam.it
nikp@hackingteam.it
nizar
nmail-mauro@hackingteam.com
no.oldani@hackingteam.it
noc
noc@samtel.samartcorp.com
noreply@hackingteam.com
not known
noverify351316@hackingteam.it
oldani massimiliano
oldani masssimiliano
one.lal2010
oracolo@hackingteam.com
ornaghi
ornaghi, alberto
ornell >> "ornella-dev@hackingteam.it"
ornella
ornella >> "'ornella-dev@hackingteam.it'"
ornella >> "ornella-dev@hackingteam.it"
ornella-dev
ornella-dev@hackingteam.it
ornella@hackingteam.it
p lal
p.vinci@hackingteam.com
pallino
pallino@hackingteam.it
paolino paperino
pasquale d'ambrosio
paul portnoy
pavarang
pavarang hackingteam
pelli >> alberto pelliccione
pelliccio >> alberto pelliccione
pelliccione alberto
pelliccione, alberto
pelliccione@hackingteam.it
peter
peter balogh
philippe antoine vinci
philippe vinci
philippe@hackingteam.com
philippe@hackingteam.it
portale hackingteam
postmaster@hackingteam.com
postmaster@hackingteam.it
pradeep lal
probe
prova carlo2
pt
pt@hackingteam.it
puremessage admin
puremessage test
qa
que
que alberto pelliccione
que@hackingteam.it
que@hackingteam.it pelliccione
quequero
quequero pelliccione
quequero@hackingteam.it
r-daemon@hackingteam.it
r.banfi
r.banfi banfi
r.banfi@hackingteam.com
r.banfi@hackingteam.it
r.viscardi@hackingteam.com
rafael sosa
raffaele gabrieli
raffaelli andrea
rana lucia
rana rana
rana@hackingteam.it
ravicini@hackingteam.it
rcs alert
rcs support
rcs support via rt
rcs trac
rcs-ida via rt
rcs-nss via rt
rcs-segob via rt
rcs-support
rcs-support rt
rcs-support via rt
rcs-support@hackingteam.com
rcs-support@hackingteam.it
rcs-support@hackingteam.it via rt
rcs-tnp via rt
rcs-uzc via rt
rcs_support_check@hackingteam.it
recy@hackingteam.it
resp. sistemi informativi
resp. sistemi informativi - hacking team srl
revenge
ricardo peri?an
richard hiller
riola@hackingteam.it
roattino ivan
roattino, ivan
roberto banfi
roberto.banfi
roberto.banfi banfi
roberto.banfi@hackingteam.com
roberto.banfi@hackingteam.it
roby
roby banfi
roby@hackingteam.it
romeo mauro
romeo@hackingteam.it
romualdi, davide
romualdi@hackingteam.com
root
root@hackingteam.it
root@mail2boot.hackingteam.it
rosario armando viscardi
rosario@hackingteam.com
rozzi@hackingteam.it
rs >> 'rsales
rs6786
rsa >> 'rsales
rsale >> ht
rsales
rsales (rsales@hackingteam.it)
rsales ]
rsales hacking team
rsales@hackingteam.it
rsales@hackingteam.it (rsales@hackingteam.it)
ruccio@hackingteam.it
rumore, salvatore
russ jensen
russel jensen
russell jensen
russo
russo (giancarlo@hackingteam.it)
russo <giancarlo@hackingteam.it>
russo >> 'giancarlo russo
russo giancarlo
russo giancarlo (g.russo@hackingteam.com)
russo, giancarlo
russo2@hackingteam.it
russo@hackingteam. it
russo@hackingteam.it
s.bagnasco
s.bagnasco@hackingteam.com
s.bagnasco@hackingteam.it
s.ga >> simonetta gallucci
s.galducci@hackingteam.com
s.gallucci
s.gallucci@hackingteam.com
s.gallucci@hackingteam.it
s.galucci@hackingteam.com
s.galvagna
s.galvagna@hackingteam.it
s.ianelli@hackingteam.com
s.iannelli
s.iannelli@hackingteam.com
s.iannelli@hackingteam.it
s.iannellli@hackingteam.com
s.rodriguez@hackingteam.com
s.rsolis@hackingteam.com
s.rumore
s.rumore rumore
s.rumore@hackingteam.it
s.rumore@hackingteam.it rumore
s.settini@hackingteam.com
s.solis@hackingteam.com
s.solis@hackingteam.it
s.woon
s.woon@hackingteam.com
s.woon@hackingteam.it
said ortiz
saido
sales
sales (e-mail)
sales sales
sales@hackingteam.it
salvatore macchiarella
salvatore rumore
salvatore.rumore
salvatore.rumore@hackingteam.it
salvatore@hackingteam.it
salvo galati
samir
samir adib
sara galvagna
sara galvagna new
sara.galvagna
sara.galvagna@hackingteam.it
sara@hackingteam.it
sat@hackingteam.it
satthubongdem123456789@gmail.com
savvas georgakis
scarafile alessandro
scarafile@hackingteam.it
seblewoin tsegaye
seppia@hackingteam.it
serge
serge (s.woon@hackingteam.it)
serge shuo woon
serge woon
serge woon (confluence)
serge yun
serge@hackingteam.it
sergio
sergio guerrero solis
sergio r. -sol¨ªs
sergio r.-solis
sergio r.-sol¨ªs
sergio r.-sol¨ªs  <
sergio rodriguez
sergio rodriguez solis
sergio rodriguez-sol¨ªs y guerrero
sergio rodriguez-sol¨ªs y guerrero (confluence)
sergio rodriguez-sol¨ªs y guerrero <s.solis@hackingteam.com>daniel martinez moreno <d.martinez@hackingteam.com>
sergio solis
sergio solis ht
sg
sgrakkyu
sgrakkyu@hackingteam.it
sig. valeriano bedeschi
silvio berlusconi
simo.chiodini@hackingteam.it
simon
simon thewes
simone cazzanti
simonetta
simonetta  gallucci
simonetta gallucci
simonetta gallucci (s.gallucci@hackingteam.com)
simonetta gallucci (s.gallucci@hackingteam.it)
simonetta gallucci - ht srl
simonetta gallucci ?[s.gallucci@hackingteam.com]?
simonetta hackingteam.it
simonetta.gallucci
simonetta.gallucci@hackingteam.it
simonetta@hackingteam.it
sin
singh.charanjeet@
sir/madam
software preimballato
soporteht.2015
sortiz@cargatechnology.com
spettabile partner
spikey
spikey@hackingteam.it
ss.gallucci@hackingteam.it
ssl
ssl@hackingteam.com
staff
staff hacking team
staff hackingteam
staff staff@hackingteam.it
staff team
staff-hackingteam.it
staff@hackingteam.it
staff@hackingteam.it team
station1414
stefania
stefania hackingteam.it
stefania iannelli
stefania iannelli (confluence)
stefania@hackingteam.it
stefano bagnasco
stephania@hackingteam.it
stephano
stephen moorelandpartners.com
subscribe-ml@hackingteam.it
sultan alrashed
super@hackingteam.it
suporte
support
support administrator
support dha
support hackingteam.it
support team
support+wjf195onr734@hackingteam.it
support@hackingteam.com
support@hackingteam.com support
supporto
sviluppo
sw
sw-01g-01@hackingteam.com
sw-01g-02@hackingteam.com
sw-10g-01@hackingteam.com
syed basar
symbian@hackingteam.it
sysalerts
sysalerts@hackingteam.com
sysalerts@hackingteam.it
t. skalli
t.valentini@
t.valentini@ >> thomas valentini
t.valentini@hackingteam
t.valentini@hackingteam.it
t4wy3lpx
takayama
tarik skalli
tavel@hackingteam.com
team staff@hackingteam.it
team team
teofilo
test
test ecam
test test
test wizard
test wizard 003
testbes@hackingteam.it
testmauro
testrail qa
testrail@hackingteam.com
thomas
thomas v
thomas valentini
thomas@hackingteam.it
thu@hackingteam.it
tnp notcenter
tnp user
tobias dowman
tomas hlavsa
tomas valentini
tom¨¢? hlavsa
topac
topac hackingteam.it
topac@hackingteam.it
trac@hackingteam.it
translation@
travel
travel.it@hackingteam.it
travel@hackingteam.com
travel@hackingteam.it
traveli@hackingteam.com
trevel@hackingteam.com
tri@hackingteam.com
trivella@hackingteam.com
trust
tulum@tutanota.de
twitter
tzm
u.test
u.test@hackingteam.com
u.test@hackingteam.it
uaeaf_user1
uaeaf_user2
uccio@hackingteam.it
uiapuebla
ulziibadrakh
user1_customer
user_client_bruno
user_client_cristian
user_client_disabled
user_client_disabled<script>alert(1)</script>
user_mod_01
utente b test
utente di microsoft office
utente prova
utente test
utest
utest2@hackingteam.it
utest@hackingteam.com
uzc bull
v.bedeschi
v.bedeschi@hackingteam.com
v.bedeschi@hackingteam.it
v.bedeschi@hackingteam.it bedeschi
vale
vale bedeschi
vale hackingteam.it
vale vale
vale valeriano
vale@hackingteam.it
vale@hackingteam.it bedeschi
valentini, thomas
valeriano
valeriano  bedeschi,
valeriano (valeriano.bedeschi@hackingteam.it)
valeriano badeschi
valeriano bedeschi
valeriano bedeschi (v.bedeschi@hackingteam.it)
valeriano bedeschi c/o ht srl
valeriano bedeschi hacking team  (v.bedeschi@hackingteam.com)
valeriano bedeschi hacking team (v.bedeschi@hackingteam.com)
valeriano bedeschi ht
valeriano bedeschi valeriano.bedeschi@hackingteam.it
valeriano bedeshi
valeriano.bedeschi
valeriano.bedeschi@hackingteam.it
valeriano@hackingteam.it
valleri >> marco valleri
valleri marco
valleri, marco
vallerim.valleri@hackingteam.it
vardaro@hackingteam.it
vbedeschi
vbedeschi@hackingteam.it
vcenter@hackingteam.com
vecna@hackingteam.it
velasco alex
vince
vince hackingteam.it
vince vincenzetti
vince2@hackingteam.it
vince@hackingteam.it
vince@hackingteam.it vincenzetti
vincenzetti
vincenzetti david
vincenzetti v vincenzetti
vincenzetti@hackingteam.it
viscardi@hackingteam.com
vmbackup
vmbackup@hackingteam.com
vmp
vmp@hackingteam.com
vmw costantino imbrauglio
vodafone partner
vt
vt@hackingteam.it
w.furlan@hackingteam.com
w.furlan@hackingteam.it
walcot woly
walter furlan
walter furlan (confluence)
walter furlan hacking team
walter hackingteam.it
walterandrea furlan
webmaster hackingteam.it
websense
whishlist@hackingteam.com
wirbelwind79@outlook.com
wishlist
wishlist@hackingteam.it
worawat.p@samtel.samartcorp.com
wteam
wteam@hackingteam.it
ze >> fabrizio cornelli
zen >> fabrizio cornelli
zeno
zeno cornelli
zeno hackingteam.it
zeno zanzara
zeno2@hackingteam.com
zeno@hackingteam.it
zeno@hackingteam.it cornelli
zi@hackingteam.it
zuriana
²©ÔË-¿Í·þ³Â¿µ
